asset,month,n_sessions,sched_min,real_min,real_min_share,sched_bars,real_bars,null_bar_share,n_gaps_gt5,max_gap_min,n_dup_raw,n_moved_raw,n_spacing_raw,n_misaligned_days,n_missing_side_days,n_decode_error_days,n_continuity_days,n_dup_bronze,n_misaligned_bronze,spread_med,spread_p99,spread_med_bp,spread_p99_bp,n_crossed,n_missing,n_no_price,n_low_cov,n_pre_start,n_dropped,n_flagged,n_gold_days,n_jump_days,jump_share,jump_suspect
ETH,2018-01-01,31,44640,44515,0.9971998207885304,8928,8904,0.0026881720430107503,1,126,0,0,0,,,,,0,0,,,,,0,0,0,0,0,1,0,30,0,0.0,false
ETH,2018-02-01,28,40320,38261,0.9489335317460318,8064,7654,0.050843253968253954,2,35,0,1201,2,,,,,0,0,,,,,0,0,0,2,0,0,2,28,1,0.03571428571428571,false
ETH,2018-03-01,31,44640,44619,0.9995295698924731,8928,8925,0.00033602150537637154,1,22,0,0,0,,,,,0,0,,,,,0,0,0,0,0,0,0,31,5,0.16129032258064516,false
ETH,2018-04-01,30,43200,43196,0.9999074074074074,8640,8640,0.0,0,2,0,0,0,,,,,0,0,,,,,0,0,0,0,0,0,0,30,5,0.16666666666666666,false
ETH,2018-05-01,31,44640,44640,1.0,8928,8928,0.0,0,1,0,0,0,,,,,0,0,,,,,0,0,0,0,0,0,0,31,5,0.16129032258064516,false
ETH,2018-06-01,30,43200,42487,0.9834953703703704,8640,8499,0.016319444444444442,2,601,0,0,0,,,,,0,0,,,,,0,0,0,1,0,0,1,30,10,0.3333333333333333,true
ETH,2018-07-01,31,44640,44176,0.9896057347670251,8928,8837,0.010192652329749086,1,458,0,0,0,,,,,0,0,,,,,0,0,0,1,0,0,1,31,8,0.25806451612903225,true
ETH,2018-08-01,31,44640,44640,1.0,8928,8928,0.0,0,1,0,0,0,,,,,0,0,,,,,0,0,0,0,0,0,0,31,7,0.22580645161290322,false
ETH,2018-09-01,30,43200,43200,1.0,8640,8640,0.0,0,1,0,0,0,,,,,0,0,,,,,0,0,0,0,0,0,0,30,10,0.3333333333333333,true
ETH,2018-10-01,31,44640,44369,0.9939292114695341,8928,8886,0.0047043010752688685,1,211,0,0,0,,,,,0,0,,,,,0,0,0,0,0,0,0,31,19,0.6129032258064516,true
ETH,2018-11-01,30,43200,42780,0.9902777777777778,8640,8556,0.009722222222222188,1,421,0,0,0,,,,,0,0,,,,,0,0,0,1,0,0,1,30,11,0.36666666666666664,true
ETH,2018-12-01,31,44640,44640,1.0,8928,8928,0.0,0,1,0,0,0,,,,,0,0,,,,,0,0,0,0,0,0,0,31,14,0.45161290322580644,true
ETH,2019-01-01,31,44640,44640,1.0,8928,8928,0.0,0,1,0,0,0,,,,,0,0,,,,,0,0,0,0,0,0,0,31,17,0.5483870967741935,true
ETH,2019-02-01,28,40320,40320,1.0,8064,8064,0.0,0,1,0,0,0,,,,,0,0,,,,,0,0,0,0,0,0,0,28,5,0.17857142857142858,false
ETH,2019-03-01,31,44640,44280,0.9919354838709677,8928,8856,0.008064516129032251,1,361,0,0,0,,,,,0,0,,,,,0,0,0,1,0,0,1,31,8,0.25806451612903225,true
ETH,2019-04-01,30,43200,43200,1.0,8640,8640,0.0,0,1,0,0,0,,,,,0,0,,,,,0,0,0,0,0,0,0,30,6,0.2,false
ETH,2019-05-01,31,44640,44040,0.9865591397849462,8928,8808,0.013440860215053752,1,601,0,0,0,,,,,0,0,,,,,0,0,0,1,0,0,1,31,6,0.1935483870967742,false
ETH,2019-06-01,30,43200,43066,0.9968981481481481,8640,8614,0.0030092592592592116,1,135,0,0,0,,,,,0,0,,,,,0,0,0,0,0,0,0,30,4,0.13333333333333333,false
ETH,2019-07-01,31,44640,44640,1.0,8928,8928,0.0,0,1,0,0,0,,,,,0,0,,,,,0,0,0,0,0,0,0,31,16,0.5161290322580645,true
ETH,2019-08-01,31,44640,44160,0.989247311827957,8928,8832,0.010752688172043001,1,481,0,0,0,,,,,0,0,,,,,0,0,0,1,0,0,1,31,16,0.5161290322580645,true
ETH,2019-09-01,30,43200,43200,1.0,8640,8640,0.0,0,1,0,0,0,,,,,0,0,,,,,0,0,0,0,0,0,0,30,7,0.23333333333333334,false
ETH,2019-10-01,31,44640,44640,1.0,8928,8928,0.0,0,1,0,0,0,,,,,0,0,,,,,0,0,0,0,0,0,0,31,8,0.25806451612903225,true
ETH,2019-11-01,30,43200,42932,0.9937962962962963,8640,8588,0.006018518518518534,2,145,0,0,0,,,,,0,0,,,,,0,0,0,0,0,0,0,30,6,0.2,false
ETH,2019-12-01,31,44640,44640,1.0,8928,8928,0.0,0,1,0,0,0,,,,,0,0,,,,,0,0,0,0,0,0,0,31,8,0.25806451612903225,true
ETH,2020-01-01,31,44640,44640,1.0,8928,8928,0.0,0,1,0,0,0,,,,,0,0,,,,,0,0,0,0,0,0,0,31,4,0.12903225806451613,false
ETH,2020-02-01,29,41760,41346,0.9900862068965517,8352,8270,0.009818007662835249,2,355,0,0,0,,,,,0,0,,,,,0,0,0,1,0,0,1,29,1,0.034482758620689655,false
ETH,2020-03-01,31,44640,44512,0.9971326164874552,8928,8903,0.002800179211469578,1,129,0,0,0,,,,,0,0,,,,,0,0,0,0,0,0,0,31,4,0.12903225806451613,false
ETH,2020-04-01,30,43200,43050,0.9965277777777778,8640,8610,0.00347222222222221,1,151,0,0,0,,,,,0,0,,,,,0,0,0,0,0,0,0,30,11,0.36666666666666664,true
ETH,2020-05-01,31,44640,44640,1.0,8928,8928,0.0,0,1,0,0,0,,,,,0,0,,,,,0,0,0,0,0,0,0,31,7,0.22580645161290322,false
ETH,2020-06-01,30,43200,42990,0.9951388888888889,8640,8598,0.004861111111111094,1,211,0,0,0,,,,,0,0,,,,,0,0,0,0,0,0,0,30,8,0.26666666666666666,true
ETH,2020-07-01,31,44640,44640,1.0,8928,8928,0.0,0,1,0,0,0,,,,,0,0,,,,,0,0,0,0,0,0,0,31,12,0.3870967741935484,true
ETH,2020-08-01,31,44640,44640,1.0,8928,8928,0.0,0,1,0,0,0,,,,,0,0,,,,,0,0,0,0,0,0,0,31,5,0.16129032258064516,false
ETH,2020-09-01,30,43200,43200,1.0,8640,8640,0.0,0,1,0,0,0,,,,,0,0,,,,,0,0,0,0,0,0,0,30,4,0.13333333333333333,false
ETH,2020-10-01,31,44640,44640,1.0,8928,8928,0.0,0,1,0,0,0,,,,,0,0,,,,,0,0,0,0,0,0,0,31,10,0.3225806451612903,true
ETH,2020-11-01,30,43200,43140,0.9986111111111111,8640,8628,0.001388888888888884,1,61,0,0,0,,,,,0,0,,,,,0,0,0,0,0,0,0,30,8,0.26666666666666666,true
ETH,2020-12-01,31,44640,44300,0.9923835125448028,8928,8860,0.007616487455197163,2,281,0,0,0,,,,,0,0,,,,,0,0,0,0,0,0,0,31,5,0.16129032258064516,false
ETH,2021-01-01,31,44640,44632,0.999820788530466,8928,8927,0.00011200716845882752,1,9,0,0,0,,,,,0,0,,,,,0,0,0,0,0,0,0,31,3,0.0967741935483871,false
ETH,2021-02-01,28,40320,40160,0.996031746031746,8064,8032,0.003968253968253954,1,161,0,0,0,,,,,0,0,,,,,0,0,0,0,0,0,0,28,3,0.10714285714285714,false
ETH,2021-03-01,31,44640,44550,0.9979838709677419,8928,8910,0.0020161290322581182,1,91,0,0,0,,,,,0,0,,,,,0,0,0,0,0,0,0,31,2,0.06451612903225806,false
ETH,2021-04-01,30,43200,42766,0.9899537037037037,8640,8554,0.009953703703703742,2,285,0,0,0,,,,,0,0,,,,,0,0,0,0,0,0,0,30,2,0.06666666666666667,false
ETH,2021-05-01,31,44640,44640,1.0,8928,8928,0.0,0,1,0,0,0,,,,,0,0,,,,,0,0,0,0,0,0,0,31,1,0.03225806451612903,false
ETH,2021-06-01,30,43200,43200,1.0,8640,8640,0.0,0,1,0,0,0,,,,,0,0,,,,,0,0,0,0,0,0,0,30,4,0.13333333333333333,false
ETH,2021-07-01,31,44640,44640,1.0,8928,8928,0.0,0,1,0,0,0,,,,,0,0,,,,,0,0,0,0,0,0,0,31,7,0.22580645161290322,false
ETH,2021-08-01,31,44640,44370,0.9939516129032258,8928,8874,0.006048387096774244,1,271,0,0,0,,,,,0,0,,,,,0,0,0,0,0,0,0,31,3,0.0967741935483871,false
ETH,2021-09-01,30,43200,43080,0.9972222222222222,8640,8616,0.002777777777777768,1,121,0,0,0,,,,,0,0,,,,,0,0,0,0,0,0,0,30,6,0.2,false
ETH,2021-10-01,31,44640,44640,1.0,8928,8928,0.0,0,1,0,0,0,,,,,0,0,,,,,0,0,0,0,0,0,0,31,3,0.0967741935483871,false
ETH,2021-11-01,30,43200,43200,1.0,8640,8640,0.0,0,1,0,0,0,,,,,0,0,,,,,0,0,0,0,0,0,0,30,1,0.03333333333333333,false
ETH,2021-12-01,31,44640,44640,1.0,8928,8928,0.0,0,1,0,0,0,,,,,0,0,,,,,0,0,0,0,0,0,0,31,4,0.12903225806451613,false
ETH,2022-01-01,31,44640,44640,1.0,8928,8928,0.0,0,1,0,0,0,,,,,0,0,,,,,0,0,0,0,0,0,0,31,4,0.12903225806451613,false
ETH,2022-02-01,28,40320,40320,1.0,8064,8064,0.0,0,1,0,0,0,,,,,0,0,,,,,0,0,0,0,0,0,0,28,5,0.17857142857142858,false
ETH,2022-03-01,31,44640,44640,1.0,8928,8928,0.0,0,1,0,0,0,,,,,0,0,,,,,0,0,0,0,0,0,0,31,10,0.3225806451612903,true
ETH,2022-04-01,30,43200,43200,1.0,8640,8640,0.0,0,1,0,0,0,,,,,0,0,,,,,0,0,0,0,0,0,0,30,6,0.2,false
ETH,2022-05-01,31,44640,44640,1.0,8928,8928,0.0,0,1,0,0,0,,,,,0,0,,,,,0,0,0,0,0,0,0,31,3,0.0967741935483871,false
ETH,2022-06-01,30,43200,43200,1.0,8640,8640,0.0,0,1,0,0,0,,,,,0,0,,,,,0,0,0,0,0,0,0,30,10,0.3333333333333333,true
ETH,2022-07-01,31,44640,44640,1.0,8928,8928,0.0,0,1,0,0,0,,,,,0,0,,,,,0,0,0,0,0,0,0,31,14,0.45161290322580644,true
ETH,2022-08-01,31,44640,44640,1.0,8928,8928,0.0,0,1,0,0,0,,,,,0,0,,,,,0,0,0,0,0,0,0,31,10,0.3225806451612903,true
ETH,2022-09-01,30,43200,43200,1.0,8640,8640,0.0,0,1,0,0,0,,,,,0,0,,,,,0,0,0,0,0,0,0,30,8,0.26666666666666666,true
ETH,2022-10-01,31,44640,44640,1.0,8928,8928,0.0,0,1,0,0,0,,,,,0,0,,,,,0,0,0,0,0,0,0,31,7,0.22580645161290322,false
ETH,2022-11-01,30,43200,43200,1.0,8640,8640,0.0,0,1,0,0,0,,,,,0,0,,,,,0,0,0,0,0,0,0,30,8,0.26666666666666666,true
ETH,2022-12-01,31,44640,44640,1.0,8928,8928,0.0,0,1,0,0,0,,,,,0,0,,,,,0,0,0,0,0,0,0,31,12,0.3870967741935484,true
ETH,2023-01-01,31,44640,44640,1.0,8928,8928,0.0,0,1,0,0,0,,,,,0,0,,,,,0,0,0,0,0,0,0,31,15,0.4838709677419355,true
ETH,2023-02-01,28,40320,40320,1.0,8064,8064,0.0,0,1,0,0,0,,,,,0,0,,,,,0,0,0,0,0,0,0,28,7,0.25,false
ETH,2023-03-01,31,44640,44488,0.996594982078853,8928,8898,0.0033602150537634934,1,153,0,0,0,,,,,0,0,,,,,0,0,0,0,0,0,0,31,8,0.25806451612903225,true
ETH,2023-04-01,30,43200,43200,1.0,8640,8640,0.0,0,1,0,0,0,,,,,0,0,,,,,0,0,0,0,0,0,0,30,14,0.4666666666666667,true
ETH,2023-05-01,31,44640,44640,1.0,8928,8928,0.0,0,1,0,0,0,,,,,0,0,,,,,0,0,0,0,0,0,0,31,9,0.2903225806451613,true
ETH,2023-06-01,30,43200,43200,1.0,8640,8640,0.0,0,1,0,0,0,,,,,0,0,,,,,0,0,0,0,0,0,0,30,10,0.3333333333333333,true
ETH,2023-07-01,31,44640,44640,1.0,8928,8928,0.0,0,1,0,0,0,,,,,0,0,,,,,0,0,0,0,0,0,0,31,6,0.1935483870967742,false
ETH,2023-08-01,31,44640,44640,1.0,8928,8928,0.0,0,1,0,0,0,,,,,0,0,,,,,0,0,0,0,0,0,0,31,11,0.3548387096774194,true
ETH,2023-09-01,30,43200,43200,1.0,8640,8640,0.0,0,1,0,0,0,,,,,0,0,,,,,0,0,0,0,0,0,0,30,6,0.2,false
ETH,2023-10-01,31,44640,44640,1.0,8928,8928,0.0,0,1,0,0,0,,,,,0,0,,,,,0,0,0,0,0,0,0,31,9,0.2903225806451613,true
ETH,2023-11-01,30,43200,43200,1.0,8640,8640,0.0,0,1,0,0,0,,,,,0,0,,,,,0,0,0,0,0,0,0,30,1,0.03333333333333333,false
ETH,2023-12-01,31,44640,44640,1.0,8928,8928,0.0,0,1,0,0,0,,,,,0,0,,,,,0,0,0,0,0,0,0,31,1,0.03225806451612903,false
ETH,2024-01-01,31,44640,44640,1.0,8928,8928,0.0,0,1,0,0,0,,,,,0,0,,,,,0,0,0,0,0,0,0,31,1,0.03225806451612903,false
ETH,2024-02-01,29,41760,41760,1.0,8352,8352,0.0,0,1,0,0,0,,,,,0,0,,,,,0,0,0,0,0,0,0,29,5,0.1724137931034483,false
ETH,2024-03-01,31,44640,44640,1.0,8928,8928,0.0,0,1,0,0,0,,,,,0,0,,,,,0,0,0,0,0,0,0,31,1,0.03225806451612903,false
ETH,2024-04-01,30,43200,43200,1.0,8640,8640,0.0,0,1,0,0,0,,,,,0,0,,,,,0,0,0,0,0,0,0,30,6,0.2,false
ETH,2024-05-01,31,44640,44640,1.0,8928,8928,0.0,0,1,0,0,0,,,,,0,0,,,,,0,0,0,0,0,0,0,31,8,0.25806451612903225,true
ETH,2024-06-01,30,43200,43200,1.0,8640,8640,0.0,0,1,0,0,0,,,,,0,0,,,,,0,0,0,0,0,0,0,30,7,0.23333333333333334,false
ETH,2024-07-01,31,44640,44640,1.0,8928,8928,0.0,0,1,0,0,0,,,,,0,0,,,,,0,0,0,0,0,0,0,31,5,0.16129032258064516,false
ETH,2024-08-01,31,44640,44640,1.0,8928,8928,0.0,0,1,0,0,0,,,,,0,0,,,,,0,0,0,0,0,0,0,31,2,0.06451612903225806,false
ETH,2024-09-01,30,43200,43200,1.0,8640,8640,0.0,0,1,0,0,0,,,,,0,0,,,,,0,0,0,0,0,0,0,30,4,0.13333333333333333,false
ETH,2024-10-01,31,44640,44640,1.0,8928,8928,0.0,0,1,0,0,0,,,,,0,0,,,,,0,0,0,0,0,0,0,31,2,0.06451612903225806,false
ETH,2024-11-01,30,43200,43200,1.0,8640,8640,0.0,0,1,0,0,0,,,,,0,0,,,,,0,0,0,0,0,0,0,30,2,0.06666666666666667,false
ETH,2024-12-01,31,44640,44640,1.0,8928,8928,0.0,0,1,0,0,0,,,,,0,0,,,,,0,0,0,0,0,0,0,31,1,0.03225806451612903,false
ETH,2025-01-01,31,44640,44640,1.0,8928,8928,0.0,0,1,0,0,0,,,,,0,0,,,,,0,0,0,0,0,0,0,31,2,0.06451612903225806,false
ETH,2025-02-01,28,40320,40320,1.0,8064,8064,0.0,0,1,0,0,0,,,,,0,0,,,,,0,0,0,0,0,0,0,28,4,0.14285714285714285,false
ETH,2025-03-01,31,44640,44640,1.0,8928,8928,0.0,0,1,0,0,0,,,,,0,0,,,,,0,0,0,0,0,0,0,31,4,0.12903225806451613,false
ETH,2025-04-01,30,43200,43200,1.0,8640,8640,0.0,0,1,0,0,0,,,,,0,0,,,,,0,0,0,0,0,0,0,30,5,0.16666666666666666,false
ETH,2025-05-01,31,44640,44640,1.0,8928,8928,0.0,0,1,0,0,0,,,,,0,0,,,,,0,0,0,0,0,0,0,31,5,0.16129032258064516,false
ETH,2025-06-01,30,43200,43200,1.0,8640,8640,0.0,0,1,0,0,0,,,,,0,0,,,,,0,0,0,0,0,0,0,30,2,0.06666666666666667,false
ETH,2025-07-01,31,44640,44640,1.0,8928,8928,0.0,0,1,0,0,0,,,,,0,0,,,,,0,0,0,0,0,0,0,31,4,0.12903225806451613,false
ETH,2025-08-01,31,44640,44640,1.0,8928,8928,0.0,0,1,0,0,0,,,,,0,0,,,,,0,0,0,0,0,0,0,31,3,0.0967741935483871,false
ETH,2025-09-01,30,43200,43200,1.0,8640,8640,0.0,0,1,0,0,0,,,,,0,0,,,,,0,0,0,0,0,0,0,30,1,0.03333333333333333,false
